,Solicitud,Periodo,Cedula,Fecha_Nac,Estado_Civil,Sexo,Escuela,Ano_Ingreso_UCV,Modalidad_Ingreso,Semestre_Actual,Modificacion_Dir,Num_Materias_Sem_Ant,Num_Materias_Aprob_Sem_Ant,Num_Materias_Ret_Sem_Ant,Num_Materias_Rep_Sem_Ant,Promedio_Pond,Eficiencia,Num_Mats_Actual,Tesis_Trabajo_Actual,Num_Ocasion_Trabajo_Tesis,Procedencia,Res_Actual,Personas_Vive_Act,Tipo_Vivienda,Monto_Alq,Benef_Adc,Trabaja,Monto_Beca,Aporte_Resp_Econ,Aporte_Fam,Ing_Horas,Alimentacion,Transporte_P,Gastos_Medicos,Gastos_Odont,Gastos_Pers,Alquiler_Renta,Mats_Est,Recreacion,Otros_Gastos,Resp_Econ,R_E_Carga_Fam,Ingreso_Resp_Econ,R_E_Otros_Ing,R_E_Vivienda,R_E_Alimentacion,R_E_Transporte,R_E_Gastos_Medicos,R_E_Gastos_Odont,R_E_Gastos_Educ,R_E_Servicios_Basicos,R_E_Condominio,R_E_Otros_Gastos1
0,44,I-2015,1,18/06/1951,2,0,0,2007,2,5,0,2,2,0,1,10.9273,0.4911,1,0,0,1,1,3,0,1500,0,0,1500,0,0,0,1000,500,800,0,1500,1500,400,0,500,5,8,0.0,0.0,0,0,0,0.0,0,0,0,0.0,0.0
1,4,II-2014,2,03/01/1977,1,0,0,2006,0,6,0,2,10,1,0,11.314,0.6688,2,0,0,5,5,1,1,0,0,0,1500,500,0,0,4000,1500,0,1500,1000,120,600,0,2000,7,4,6000.0,1000.0,120,4000,1500,1000.0,1000,0,500,430.0,500.0
2,29,II-2014,3,14/03/1979,0,0,0,2006,0,5,0,1,1,1,0,11.404,0.6512,2,0,0,5,5,3,2,0,0,1,200,0,2000,3000,3000,2000,0,0,1000,0,500,0,200,7,2,0.0,0.0,600,0,0,0.0,0,1000,300,0.0,0.0
3,59,I-2015,4,04/08/1982,0,0,0,2010,2,3,0,2,2,2,0,6.9787,0.4681,3,0,0,0,0,0,2,0,0,0,1500,500,0,0,600,500,300,0,400,0,200,0,0,1,4,4500.0,3000.0,0,4000,2000,1000.0,0,1500,500,0.0,0.0
4,45,II-2014,5,25/11/1982,0,0,0,2011,0,6,0,3,3,0,0,12.523,0.8333,2,0,0,1,1,3,2,0,0,0,1500,1200,1000,0,500,400,0,0,1000,0,500,0,800,4,4,744482.0,6000.0,0,7000,2000,0.0,0,0,800,0.0,444482.0
5,178,I-2015,6,20/07/1986,0,0,1,2008,0,9,0,2,2,0,0,14.492,1.0,2,1,0,0,0,0,1,0,0,0,1500,1000,0,0,1000,200,200,0,500,0,2000,0,100,2,4,12551.0,2000.0,0,10000,2000,9000.0,0,1000,500,0.0,1500.0
6,61,I-2015,7,27/09/1986,0,0,0,2007,0,4,0,2,1,0,1,12.0,0.6,2,0,0,0,0,3,1,0,0,0,1500,500,500,0,500,500,1000,0,0,0,2000,0,500,1,3,2500.0,0.0,0,4500,1000,3000.0,4000,10000,2000,400.0,400.0
7,168,II-2014,8,27/02/1989,0,0,1,2008,0,8,0,4,1,3,0,12.739,0.8972,3,0,0,1,1,0,2,0,0,0,1500,2000,1000,0,2000,500,500,0,500,0,1000,0,0,1,2,8000.0,2000.0,1500,3000,1000,1000.0,0,2000,1000,0.0,500.0
8,66,I-2015,9,07/07/1989,0,0,1,2008,1,9,0,2,2,0,0,12.726,0.9145,2,1,0,0,0,0,2,0,0,0,1500,400,0,0,100,100,200,0,500,0,1000,0,100,1,5,3500.0,1000.0,0,2000,300,1000.0,200,0,700,0.0,350.0
9,79,I-2015,10,10/12/1987,0,1,1,2005,0,9,0,5,5,0,0,11.957,0.638,2,1,0,1,1,0,1,0,0,0,1500,1000,0,0,2700,1000,500,500,100,0,500,500,700,2,2,19000.0,0.0,0,8000,3000,3000.0,2000,5000,2000,1500.0,4000.0
10,23,I-2015,11,19/11/1988,0,0,0,2012,0,5,0,4,4,0,0,13.622,1.0,3,0,0,0,0,0,1,0,0,0,1500,1000,0,0,500,400,0,0,200,0,800,0,600,2,3,7028.0,5622.0,0,6000,1000,0.0,0,2000,600,2000.0,1000.0
11,154,I-2015,12,04/07/1988,0,0,1,2007,0,7,1,4,2,0,2,12.135,0.5691,4,0,0,6,6,0,2,0,0,0,1800,800,0,0,3000,3240,2500,1000,1000,0,2500,1000,500,1,4,15186.0,0.0,0,6000,12960,12000.0,4500,0,1500,0.0,3000.0
12,147,I-2015,13,10/05/1989,0,0,1,2007,0,8,0,2,0,0,2,12.488,0.645,2,0,0,3,3,0,1,0,0,0,1500,3000,2000,0,2500,500,800,0,400,0,2000,0,300,1,2,7000.0,5000.0,0,5000,2000,0.0,0,0,1500,2000.0,1500.0
13,68,I-2015,14,14/08/1988,0,0,1,2007,1,10,0,2,2,0,0,13.921,0.9272,2,1,0,5,1,3,3,3000,1,1,1500,3000,1000,800,1000,100,200,900,200,3000,600,100,200,1,2,10257.0,9500.0,0,10000,1000,2000.0,1200,0,1500,0.0,4000.0
14,149,I-2015,15,25/01/1990,0,0,1,2008,1,10,0,0,0,0,0,13.097,0.8235,1,1,0,5,5,0,2,0,0,0,1500,500,0,0,500,200,200,0,500,0,500,50,50,2,5,5622.0,0.0,0,3500,500,500.0,0,0,1000,0.0,122.0
15,125,II-2014,16,26/12/1989,0,1,1,2007,0,9,0,3,3,0,0,12.532,0.8857,1,1,0,0,0,3,1,0,0,0,1500,0,0,0,500,200,0,0,0,0,300,200,300,1,1,3800.0,0.0,0,3800,200,0.0,0,0,0,0.0,300.0
16,139,I-2015,17,28/03/1990,0,1,1,2007,0,10,0,1,1,0,0,13.278,0.9589,1,1,0,0,0,0,2,0,0,0,1500,800,200,0,1000,1000,1500,1500,600,0,500,600,800,2,3,8500.0,2000.0,0,6500,2000,2000.0,1500,2500,800,0.0,1500.0
17,144,II-2014,18,05/02/1988,0,1,1,2006,0,8,0,3,2,0,1,11.984,0.6214,3,0,0,6,6,0,3,3000,0,0,1500,0,0,0,3000,0,0,0,0,0,1500,0,0,2,4,5600.0,0.0,0,5000,500,0.0,0,0,0,0.0,0.0
18,184,I-2015,19,27/04/1990,0,1,1,2008,0,10,0,2,2,0,0,13.179,0.9026,2,1,0,0,6,0,0,0,0,0,1500,500,200,200,300,200,500,0,1000,0,1000,200,200,3,3,9600.0,0.0,0,5000,1000,1000.0,0,500,500,0.0,2000.0
20,105,II-2014,21,26/12/1990,0,0,1,2008,1,9,0,3,3,0,0,13.021,0.8304,2,1,0,0,0,0,2,0,0,0,1500,1000,0,0,2000,500,500,0,500,0,1500,500,200,1,5,13682.0,5000.0,0,8000,2500,1000.0,0,3000,700,0.0,1500.0
21,67,I-2015,22,12/09/1989,1,0,1,2006,0,9,0,1,1,0,0,12.165,0.7809,1,1,0,0,0,1,2,0,0,0,1500,500,0,0,800,500,500,0,800,0,500,300,200,6,4,6000.0,0.0,0,3000,1200,2000.0,0,3000,1000,0.0,1000.0
22,97,II-2014,23,15/09/1990,0,0,1,2008,1,10,0,1,1,0,0,15.28,1.0,1,1,1,5,5,0,2,0,0,0,1500,3000,500,0,1000,700,0,0,1300,0,1200,700,150,3,2,16996.77,3000.0,0,12500,2000,0.0,700,0,600,0.0,1200.0
23,195,I-2015,24,10/09/1991,0,0,1,2010,1,8,0,5,5,0,0,14.845,1.0,4,0,0,0,0,0,1,0,0,0,1500,800,0,0,8000,300,800,0,1200,0,600,0,10900,3,3,12445.48,3000.0,0,10000,600,0.0,0,0,2000,500.0,2000.0
24,186,I-2015,25,17/12/1990,0,0,1,2009,0,10,0,2,2,0,0,15.899,1.0,2,1,0,5,5,0,1,0,0,0,1000,2000,0,0,1000,0,500,0,1000,0,250,1000,500,1,2,10000.0,0.0,1500,5000,500,500.0,0,0,1000,1000.0,2000.0
25,145,II-2014,26,18/03/1989,3,0,1,2006,1,5,1,2,0,2,0,12.947,0.6358,1,0,0,5,5,1,0,0,0,0,1500,2000,0,0,0,400,0,1000,0,0,1000,0,300,6,2,8000.0,0.0,0,6000,400,1000.0,1000,0,0,0.0,1000.0
26,194,II-2014,27,03/10/1990,0,1,1,2008,0,8,0,4,3,0,1,13.205,0.7697,4,0,0,5,5,3,2,0,0,0,1500,1000,200,0,2000,150,0,0,200,0,350,0,0,7,5,7500.0,0.0,0,5000,800,400.0,0,0,300,0.0,1000.0
27,134,II-2014,28,16/05/1991,0,1,1,2010,0,8,0,4,4,0,0,11.55,0.8952,4,0,0,5,5,3,2,0,0,0,1500,1200,0,0,300,450,250,0,500,0,700,200,250,4,3,5622.0,0.0,0,3000,2000,300.0,0,200,100,0.0,0.0
28,128,I-2015,29,26/06/1991,0,0,1,2009,1,6,0,5,4,0,1,12.902,0.8014,4,0,0,0,0,0,2,0,0,0,1500,1500,0,0,0,600,0,650,0,0,3000,0,0,1,2,7000.0,0.0,0,4000,2000,0.0,0,1000,0,0.0,0.0
29,115,I-2015,30,29/01/1990,0,1,1,2010,0,6,0,3,3,0,0,12.537,0.8304,4,0,0,0,0,0,1,0,0,0,1500,500,1000,0,2000,500,0,0,600,0,600,0,200,1,3,6700.0,0.0,0,10000,2000,0.0,0,0,0,0.0,0.0
30,86,I-2015,31,18/09/1990,0,0,1,2009,1,9,0,4,4,0,0,14.18,1.0,2,1,0,5,5,0,2,0,0,0,1500,3000,2500,0,2000,350,500,500,750,0,1500,1000,200,2,4,8788.0,8000.0,200,7000,2000,2500.0,1000,0,1000,0.0,1500.0
31,137,I-2015,32,05/11/1989,0,0,1,2008,0,7,0,4,3,0,1,13.225,0.7929,4,0,0,4,4,0,5,0,0,0,1500,1000,0,0,0,850,0,0,500,0,1500,0,150,2,4,6529.0,5000.0,0,10000,1700,2000.0,0,0,0,0.0,500.0
32,50,II-2014,33,18/02/1991,0,0,0,2010,0,4,0,3,4,0,0,11.916,0.5941,3,1,2,1,1,0,1,4300,0,0,1500,1500,0,0,700,1000,200,0,300,0,500,0,300,1,3,24905.01,0.0,4300,9000,1500,3000.0,0,2500,1000,2600.0,1500.0
33,40,II-2014,34,24/11/1989,0,0,0,2011,0,7,0,2,2,0,0,140.87,0.9829,2,0,0,2,2,3,1,0,0,0,1500,500,0,0,0,300,0,300,500,0,1000,200,0,4,1,8096.0,0.0,1000,3000,300,500.0,0,1500,300,300.0,500.0
34,198,I-2015,35,22/06/1990,0,0,1,2010,0,7,0,6,5,1,1,11.936,0.7983,6,0,0,5,5,0,4,0,0,0,1500,3000,0,0,2400,600,0,0,0,0,500,0,1600,1,4,14000.0,0.0,0,8000,2200,0.0,0,0,600,0.0,2000.0
35,189,I-2015,36,09/04/1990,0,0,1,2008,1,10,0,2,2,0,0,14.873,0.966,2,1,0,0,0,0,2,0,0,0,1500,1600,0,0,400,600,300,0,400,0,450,800,120,1,1,10000.0,0.0,4000,4000,900,700.0,0,0,150,0.0,180.0
36,140,II-2014,37,06/09/1989,0,1,1,2008,0,10,0,2,2,0,0,14.438,1.0,2,1,0,5,5,0,1,0,0,0,1500,4000,0,0,3000,1840,0,0,3000,0,500,2000,1500,1,5,23152.74,0.0,0,10000,9640,0.0,5000,0,600,500.0,700.0
37,161,II-2014,38,28/06/1991,0,0,1,2008,1,10,0,2,2,0,0,14.194,1.0,2,1,0,0,0,0,1,0,0,0,1500,3000,235,0,2000,2000,3000,2000,2000,0,2500,2000,1200,1,1,906684.0,0.0,0,5000,2000,3000.0,0,0,2000,0.0,3500.0
38,39,II-2014,39,22/03/1991,0,0,0,2010,0,6,1,2,2,0,0,13.266,0.9545,2,0,0,0,0,0,2,0,0,0,1500,4000,0,0,2000,100,0,1000,500,0,500,500,200,2,5,15000.0,0.0,0,6000,0,0.0,0,0,500,0.0,500.0
39,163,I-2015,40,21/09/1990,0,0,1,2008,0,10,0,2,2,0,0,14.557,1.0,2,1,1,5,5,0,1,0,0,0,1500,1500,0,0,0,1500,0,0,0,0,500,0,0,1,1,5622.48,5622.48,0,5000,2000,0.0,0,0,0,500.0,1000.0
40,100,II-2014,41,19/10/1991,0,0,1,2010,0,8,0,5,5,0,0,14.338,1.0,4,0,0,0,0,0,1,0,0,0,1500,1000,0,0,200,0,0,0,0,0,1000,0,300,1,3,9000.0,0.0,600,5000,1000,0.0,0,500,300,600.0,1000.0
41,72,II-2014,42,23/11/1990,0,0,1,2008,0,8,0,5,5,0,0,13.652,0.968,5,0,0,1,1,0,1,0,0,0,1500,1000,200,0,400,100,0,0,600,0,1400,100,100,2,5,7500.0,0.0,0,4500,300,0.0,0,1300,600,600.0,300.0
42,119,II-2014,43,18/05/1992,0,0,1,2011,0,7,0,4,4,0,0,13.6,1.0,4,0,0,0,0,0,0,0,0,0,1500,500,0,0,300,0,200,0,200,0,1000,0,300,2,4,10000.0,5000.0,0,8000,200,500.0,0,0,1000,0.0,1800.0
43,120,II-2014,44,18/05/1992,0,0,1,2011,0,7,0,4,4,0,0,13.6,1.0,4,0,0,0,0,0,0,0,0,0,1500,500,0,0,300,0,200,0,200,0,1000,0,300,2,4,10000.0,5000.0,0,8000,200,500.0,0,0,1000,0.0,1800.0
44,162,II-2014,45,18/05/1992,0,0,1,2010,0,7,0,4,4,0,0,13.666,1.0,4,0,0,0,0,0,0,0,1,0,1500,500,0,0,300,0,200,0,200,0,1000,0,300,2,4,10000.0,5000.0,0,8000,200,500.0,0,0,1000,0.0,1800.0
45,152,II-2014,46,21/04/1990,0,1,1,2011,1,7,0,4,2,0,2,14.2,0.9151,5,0,0,1,1,0,1,0,0,0,1950,600,0,0,1000,1000,0,0,1500,0,2000,1500,300,1,2,7000.0,0.0,2000,5000,2000,0.0,0,0,500,0.0,1000.0
46,199,II-2014,47,24/01/1991,0,1,1,2008,1,10,0,1,1,0,0,16.712,1.0,1,1,0,5,5,0,0,0,0,0,1500,2000,0,0,500,1000,0,0,0,0,2000,0,0,2,5,16000.0,0.0,0,7000,1000,4000.0,1000,2000,1000,0.0,0.0
47,157,I-2015,48,08/09/1990,0,0,1,2008,0,2,0,3,3,0,0,14.0,0.3864,4,0,0,5,5,0,0,0,1,0,1500,1000,500,0,400,400,2000,0,1000,0,1000,800,500,2,4,1703645.0,2000.0,0,2500,700,2500.0,0,6000,500,0.0,580.0
48,6,I-2015,49,27/05/1988,0,1,0,2009,0,5,0,2,2,0,0,11.174,0.6117,3,1,2,5,5,0,2,0,0,0,1500,2800,0,0,0,0,0,0,0,0,1800,0,0,1,2,7000.0,0.0,1800,2000,2800,0.0,0,0,0,0.0,0.0
49,77,II-2014,50,24/08/1992,0,0,1,2010,0,8,0,4,3,1,1,13.5,0.95,4,0,0,5,5,0,0,0,0,0,1500,2000,0,0,2000,600,1000,0,2000,0,2000,2000,0,1,4,17200.0,0.0,800,8000,2000,2000.0,2000,0,800,1900.0,2000.0
50,17,II-2014,51,11/01/2015,0,0,0,2010,0,7,0,2,2,0,0,12.565,0.9829,2,1,0,0,0,0,2,0,0,0,1500,600,500,0,400,560,300,0,1000,0,300,0,0,2,5,40000.0,0.0,0,20000,1680,10000.0,0,0,800,0.0,5000.0
51,129,II-2014,52,26/07/1991,0,0,1,2009,0,7,0,5,4,0,1,12.609,0.7586,4,0,0,0,0,0,2,0,0,0,1500,1400,500,200,400,2300,0,0,150,0,600,400,100,1,3,8500.0,4000.0,0,5500,3500,2000.0,0,0,400,0.0,800.0
52,71,I-2015,53,22/02/1991,0,0,1,2008,0,10,0,2,2,0,0,13.675,0.972,2,1,0,0,0,0,1,0,0,0,1200,2000,2000,0,30000,2000,10000,0,1000,0,2000,1000,1500,7,3,22000.0,5000.0,0,30000,3000,0.0,0,4500,1500,350.0,0.0
53,177,I-2015,54,11/07/1992,0,1,1,2008,1,10,0,1,1,0,0,14.906,1.0,1,1,0,6,0,3,2,1500,0,0,1500,1500,2000,0,1000,250,0,0,750,1500,500,800,200,1,3,7977.0,15000.0,0,10000,500,500.0,0,3000,500,0.0,500.0
54,123,I-2015,55,18/04/1991,0,0,1,2008,1,9,1,4,4,0,0,13.654,1.0,2,1,0,5,5,0,1,0,0,0,1500,1500,0,0,600,1300,0,0,400,0,700,0,0,2,2,5622.0,0.0,0,2000,500,1500.0,0,0,60,0.0,0.0
55,3,II-2014,56,07/04/1990,0,0,0,2008,0,7,0,2,2,0,0,12.083,0.7877,2,0,0,5,5,3,1,0,0,0,1500,700,0,0,500,200,200,0,600,0,150,0,200,1,2,5600.0,0.0,0,2500,1000,0.0,0,0,300,500.0,300.0
56,13,II-2014,57,12/12/1990,0,0,0,2011,0,6,0,3,3,0,0,12.066,0.9211,2,1,2,0,0,0,1,0,0,0,1500,800,0,0,0,720,0,0,800,0,1000,500,0,1,2,5622.0,0.0,0,3000,720,0.0,0,0,400,3000.0,2000.0
57,136,I-2015,58,11/10/1990,0,0,1,2010,0,7,0,4,2,0,2,12.659,0.8198,4,0,0,0,0,0,1,0,0,0,1500,2000,0,0,2500,400,1000,0,3000,0,2000,0,500,1,3,15000.0,15000.0,0,12000,2000,2000.0,0,3500,700,2200.0,1200.0
58,182,II-2014,59,25/07/1990,0,0,1,2008,2,9,1,1,1,0,0,13.172,0.9026,2,1,0,5,6,0,1,0,0,0,1500,500,100,0,100,700,0,0,200,0,500,500,200,3,3,15000.0,0.0,0,10000,1000,5000.0,3000,3000,1000,1000.0,2000.0
59,183,I-2015,60,08/09/1992,0,0,1,2009,1,9,0,4,4,0,0,16.3,1.0,2,1,0,5,5,0,0,0,0,0,1500,2500,500,0,800,800,0,500,1000,0,1000,400,0,1,2,8000.0,2000.0,0,5000,500,500.0,0,0,800,300.0,400.0
60,158,I-2015,61,21/03/1991,0,0,1,2008,0,10,0,1,1,0,0,14.871,1.0,1,1,0,0,0,0,1,0,0,0,1500,1000,0,0,800,60,100,0,300,0,500,400,500,1,2,14827.0,6000.0,0,12000,1660,4000.0,2000,1150,1330,2000.0,1800.0
61,70,II-2014,62,20/09/1991,0,0,1,2010,0,6,0,3,2,0,1,12.487,0.7692,5,0,0,1,1,0,1,0,0,0,1500,700,500,0,2000,600,800,2000,1500,0,2500,500,400,1,1,12500.0,0.0,0,3500,200,900.0,700,0,800,2000.0,1000.0
62,9,II-2014,63,20/07/1992,0,0,0,2010,0,7,0,2,2,0,0,12.704,0.9274,2,0,0,3,3,0,0,0,0,0,1500,1000,0,0,1200,760,0,0,140,0,400,0,0,1,4,6850.0,0.0,0,4000,600,325.0,0,0,490,0.0,1435.0
63,173,II-2014,64,23/08/1989,0,0,1,2008,0,7,0,5,2,0,3,11.453,0.6178,5,0,0,6,6,0,1,0,0,0,1500,500,0,0,300,300,0,0,300,0,1000,0,100,3,2,9000.0,7000.0,6000,5000,0,2000.0,0,0,2000,0.0,1000.0
64,190,I-2015,65,04/05/1992,0,0,1,2008,1,10,0,1,1,0,0,14.46,0.972,1,1,0,0,0,0,3,2700,0,0,1500,4000,1000,0,2000,1000,0,0,0,2700,2000,0,0,4,2,11000.0,0.0,2700,5000,3000,0.0,2000,4000,100,0.0,0.0
65,78,I-2015,66,18/12/1990,0,0,1,2010,0,5,0,5,3,1,1,12.986,0.7526,4,0,0,0,0,0,1,0,0,0,1500,600,0,0,400,550,0,0,200,0,900,0,0,2,4,14000.0,8000.0,0,9000,5000,2000.0,0,0,1600,800.0,1500.0
66,127,I-2015,67,21/09/1991,0,0,1,2008,1,8,0,3,3,0,0,12.75,0.85,2,0,0,6,0,0,0,1900,0,0,1500,3000,0,0,1700,100,0,0,300,1900,500,0,0,1,3,9000.0,0.0,0,5000,500,0.0,0,0,0,0.0,0.0
67,197,II-2014,68,26/10/1991,0,1,1,2009,1,8,0,5,5,0,0,12.975,0.8963,4,0,0,6,0,3,1,0,0,0,1500,4500,0,0,1500,500,800,300,600,0,1000,800,500,1,3,9800.0,6000.0,0,4000,1000,3000.0,2000,1000,800,1500.0,2500.0
68,143,II-2014,69,23/08/1991,0,0,1,2008,1,9,0,4,4,0,0,13.489,0.9456,2,1,0,0,0,0,1,0,0,0,1500,3000,0,0,2000,300,200,0,500,0,1000,300,200,1,3,5622.0,4000.0,0,5000,100,900.0,0,0,600,1000.0,0.0
69,24,II-2014,70,30/05/1993,0,0,0,2011,0,5,0,3,2,0,1,12.218,0.9143,2,0,0,5,5,0,0,0,0,0,1500,1400,2000,0,0,2420,2000,1500,2500,0,2000,0,1000,1,3,10900.0,4000.0,6000,5000,7664,4000.0,2000,2350,380,300.0,700.0
70,65,I-2015,71,01/11/1991,0,0,1,2009,0,10,0,1,1,0,0,14.814,1.0,1,1,0,1,1,0,1,0,0,0,1500,2500,0,0,1200,300,0,0,1000,0,1500,0,0,2,3,6761.0,0.0,0,3000,900,0.0,0,0,0,0.0,0.0
71,102,I-2015,72,28/06/1993,0,0,1,2009,1,9,0,4,4,0,0,14.314,0.9722,2,1,0,6,0,3,1,0,0,0,1500,2000,1000,0,1500,200,1000,0,1000,0,800,0,0,2,4,10323.0,0.0,0,6123,200,1000.0,1000,1000,500,0.0,500.0
72,172,I-2015,73,19/10/1991,0,1,1,2011,0,8,0,4,4,0,0,13.0,1.0,4,0,0,5,5,0,1,0,0,0,1500,1500,0,0,1000,1000,1000,0,1000,0,1000,500,500,1,2,30000.0,0.0,0,15000,5000,2000.0,0,1500,3000,1000.0,2000.0
73,55,I-2015,74,12/07/1993,0,0,0,2011,0,8,0,2,2,10,3,14.13,1.0,3,0,0,1,1,0,3,4000,0,0,1500,3500,1500,0,1500,300,0,0,500,4000,200,0,0,2,2,7000.0,2000.0,0,2000,500,2000.0,0,0,1000,800.0,1000.0
74,104,I-2015,75,13/04/1993,0,0,1,2011,1,7,0,5,5,0,0,15.557,1.0,5,0,0,6,3,3,3,3000,0,0,1500,6000,0,0,2000,300,200,0,400,3000,500,0,200,2,5,10000.0,5000.0,0,7000,400,1000.0,0,200,1500,500.0,2000.0
75,116,II-2014,76,20/07/1991,0,0,1,2013,0,3,0,5,5,0,0,15.388,1.0,6,0,0,0,6,0,1,0,0,0,1500,2500,0,0,4000,400,700,600,700,0,700,500,260,2,4,37318.75,0.0,0,20000,1300,3000.0,600,5400,700,1900.0,10000.0
76,103,I-2015,77,08/07/1994,0,0,1,2012,0,4,0,6,5,1,0,14.961,1.0,5,0,0,0,0,0,1,0,0,0,1500,1500,0,0,700,500,500,0,500,0,1000,500,0,1,4,9777.0,5000.0,0,5000,1500,2000.0,0,1500,3000,1000.0,1000.0
77,48,II-2014,78,03/04/1993,0,0,0,2014,2,3,0,5,5,0,0,16.833,1.0,5,0,0,2,2,0,3,4120,0,0,1500,1500,0,0,400,300,0,0,500,0,650,700,450,1,1,7500.0,0.0,4120,1000,100,900.0,0,0,400,0.0,300.0
78,76,I-2015,79,10/01/1992,0,0,1,2010,0,7,0,4,4,0,0,14.114,1.0,4,0,0,0,0,0,1,2000,0,0,1500,1000,0,0,0,0,0,0,0,0,4000,0,500,1,2,12000.0,0.0,2000,4000,2000,0.0,0,0,700,500.0,0.0
79,31,I-2015,80,08/10/1992,0,0,0,2014,0,3,0,5,5,0,0,11.833,1.0,5,0,0,0,0,0,1,0,0,0,1500,1000,0,0,500,400,0,0,250,0,800,0,600,2,3,7028.0,5622.0,0,6000,1000,0.0,0,2000,600,2000.0,1000.0
80,169,II-2014,81,13/09/1991,0,0,1,2010,0,7,0,4,4,0,0,13.196,0.9825,6,0,0,0,0,0,1,0,0,0,1500,2000,1000,0,1000,1000,300,0,700,0,1000,0,500,3,2,10000.0,10000.0,0,13000,3000,1000.0,0,0,1000,200.0,1500.0
81,99,II-2014,82,13/08/1992,0,0,1,2011,0,7,0,4,4,0,0,14.59,1.0,5,0,0,0,0,0,1,0,1,0,1500,0,0,1000,500,0,0,0,500,0,1500,0,0,1,2,6050.0,0.0,1500,3200,500,0.0,0,0,800,0.0,0.0
82,113,I-2015,83,24/01/1992,0,0,1,2009,0,8,0,5,3,0,2,12.0,0.7982,5,0,0,6,5,2,1,0,0,0,1000,1500,3000,1000,1500,300,300,0,1000,1000,3000,1000,2000,1,2,11550.0,7000.0,0,9000,1000,1000.0,0,3000,3000,600.0,2000.0
83,191,II-2014,84,29/10/1993,0,0,1,2011,1,6,0,5,5,0,0,13.67,0.967,4,0,0,6,0,3,2,0,1,0,1500,2000,0,0,1500,500,0,0,0,0,1000,0,500,2,2,5000.0,0.0,0,3000,500,500.0,0,0,300,0.0,700.0
84,98,II-2014,85,21/06/1993,0,1,1,2011,1,7,0,4,4,0,0,14.676,1.0,4,0,0,6,6,0,0,0,1,0,1500,1500,0,0,900,1600,0,0,0,0,500,0,0,1,3,5622.0,0.0,0,2500,1000,2000.0,0,0,122,0.0,0.0
85,138,II-2014,86,20/02/1992,0,1,1,2011,1,7,0,4,4,0,0,15.877,1.0,6,0,0,0,0,0,2,0,0,0,1500,800,0,0,500,150,0,0,600,0,1000,0,50,1,3,8000.0,0.0,1500,4000,500,2000.0,0,0,0,0.0,0.0
86,20,I-2015,87,07/06/1993,0,0,0,2010,0,7,0,2,2,0,0,12.9,0.9,2,0,0,0,0,0,1,0,0,0,1500,1000,0,0,500,800,0,0,0,0,500,200,500,1,5,5600.0,5000.0,0,5000,1200,600.0,0,1000,1000,800.0,1000.0
87,11,II-2014,88,03/04/1992,0,0,0,2009,0,5,1,2,2,0,0,11.604,0.76,2,0,0,5,5,0,2,0,1,0,1500,1000,0,0,500,1000,0,0,500,0,500,0,0,1,4,4480.0,2000.0,0,2000,1000,0.0,0,0,1000,600.0,1000.0
88,81,II-2014,89,18/04/1993,0,0,1,2012,0,5,0,4,4,0,0,17.22,1.0,7,0,0,2,2,0,2,0,0,0,1500,400,0,0,1500,400,300,0,1000,0,1000,500,500,1,2,7980.0,0.0,0,7000,1000,1500.0,0,0,400,0.0,800.0
89,181,I-2015,90,24/5/1991,0,0,1,2010,0,7,0,5,4,1,0,13.336,0.9304,4,0,0,6,0,3,1,0,0,0,1500,500,500,0,1000,600,200,0,1000,0,2000,500,300,4,4,9100.0,0.0,0,4000,1000,0.0,0,1000,500,0.0,0.0
90,25,II-2014,91,21/11/1992,0,0,0,2010,0,6,0,3,3,0,0,11.158,0.6949,1,1,0,5,6,0,1,0,0,0,1500,1000,0,0,0,1500,0,0,0,0,1000,0,0,1,4,5500.0,0.0,0,5000,500,0.0,0,0,0,0.0,0.0
91,175,I-2015,92,22/05/1993,0,0,1,2010,0,4,0,3,1,1,1,12.7,0.7273,4,0,0,5,5,0,0,0,0,0,1500,1500,0,0,1200,700,300,0,300,0,300,0,200,1,5,10810.91,7500.0,400,5000,1400,2450.0,1000,3500,750,800.0,3000.0
92,5,II-2014,93,27/08/1993,0,0,0,2011,1,7,0,2,2,0,0,13.078,0.9829,2,1,2,5,5,0,2,0,0,0,1500,900,0,0,700,500,0,0,100,0,1000,0,100,2,4,8000.0,0.0,800,4000,1500,0.0,0,650,250,400.0,300.0
93,69,II-2014,94,17/08/1993,0,0,1,2011,1,6,0,6,5,1,0,13.227,0.8587,3,0,0,6,3,3,1,0,0,0,1500,1500,0,0,500,100,300,0,600,0,1300,200,0,2,3,6700.0,0.0,0,5000,1000,1500.0,0,2000,1000,0.0,700.0
94,101,II-2014,95,09/11/1992,0,0,1,2009,0,8,0,4,4,0,0,13.222,0.9512,3,0,0,1,1,0,1,0,0,0,1500,3000,1000,0,2000,1500,1000,0,2500,0,2000,2500,355,2,2,10000.0,8000.0,0,12000,3000,0.0,0,2500,3500,2100.0,5000.0
95,150,I-2015,96,22/02/1991,0,0,1,2008,2,10,0,0,0,0,0,12.947,0.9267,1,1,0,0,0,0,4,0,0,0,1500,600,600,0,1000,500,1000,1000,500,0,1500,1000,1000,1,4,5622.48,3000.0,0,3000,1500,1000.0,1000,500,500,0.0,500.0
96,95,II-2014,97,19/02/1994,0,0,1,2011,1,6,0,5,5,0,0,13.824,0.9681,4,0,0,5,5,0,2,0,0,0,1500,1500,0,0,500,1000,0,0,300,0,1200,0,0,7,3,6750.0,0.0,0,3500,1500,0.0,0,1500,250,0.0,0.0
97,46,II-2014,98,09/11/1993,0,0,0,2011,0,6,0,3,3,0,0,12.171,0.9813,1,0,0,0,0,0,2,0,0,0,1500,1000,500,0,600,400,300,800,300,0,500,200,200,2,4,7500.0,5000.0,0,6000,1000,2000.0,2000,100,400,500.0,500.0
98,131,II-2014,99,01/11/1990,0,0,1,2008,1,8,0,4,2,1,1,12.024,0.8378,4,0,0,6,1,3,3,2500,0,0,1500,4000,500,0,2000,500,0,0,0,2500,700,0,300,1,4,15000.0,0.0,0,5000,500,2000.0,0,8000,1000,0.0,1000.0
99,8,II-2014,100,27/02/1992,0,0,0,2010,0,7,0,2,2,0,0,13.782,0.9829,2,0,0,3,3,0,1,0,0,0,1500,1000,0,0,1400,760,0,0,0,0,150,60,130,1,2,6560.0,0.0,0,3000,460,800.0,0,0,800,0.0,1500.0
100,118,II-2014,101,21/11/1991,0,0,1,2008,1,6,0,6,5,1,1,12.706,0.7899,4,0,0,5,6,0,4,0,0,0,1500,2000,700,0,500,3500,0,0,0,0,1000,0,0,1,3,12749.0,3000.0,0,6500,6700,2000.0,0,0,100,0.0,349.0
101,151,II-2014,102,22/11/1993,0,0,1,2011,2,7,0,4,4,0,0,13.806,0.9623,5,0,0,1,1,0,0,0,0,0,1950,600,0,500,1000,100,0,0,1500,0,2000,1000,300,2,5,180000.0,0.0,0,10000,300,0.0,0,1300,4000,350.0,4000.0
102,21,II-2014,103,10/04/1993,0,0,0,2011,0,7,0,2,2,0,2,13.339,0.13125,2,0,2,0,0,0,2,0,0,0,1500,1000,500,0,1000,200,0,1000,300,0,500,0,0,1,4,5000.0,0.0,0,2000,500,300.0,1000,1000,200,0.0,0.0
103,22,II-2014,104,10/04/1993,0,0,0,2011,0,7,0,2,2,0,2,13.339,0.13339,2,0,2,0,0,0,2,0,0,0,1500,1000,500,0,1000,200,0,1000,300,0,500,0,0,1,4,5000.0,0.0,0,2000,500,300.0,1000,1000,200,0.0,0.0
104,153,II-2014,105,27/03/1992,0,0,1,2009,0,9,0,4,4,0,0,14.157,0.9722,2,1,0,0,0,0,1,0,0,0,1500,1500,1000,2000,1200,200,500,400,1200,0,800,1800,500,2,3,10500.0,6000.0,0,5000,800,2500.0,600,4000,500,1200.0,1200.0
105,164,I-2015,106,06/04/1992,0,0,1,2010,1,7,0,5,4,0,1,13.969,0.9245,4,0,0,6,5,3,2,0,0,0,1500,3000,0,0,1500,1000,0,0,500,0,600,500,400,1,3,16.0,4000.0,0,7000,2000,3000.0,0,0,2000,1000.0,5000.0
106,132,I-2015,107,31/05/1994,0,0,1,2012,0,2,0,4,1,1,2,12.128,0.661,3,0,0,0,0,0,1,0,0,0,1500,0,0,0,400,300,0,0,0,0,800,0,0,1,2,10630.0,0.0,0,7000,600,0.0,0,0,1000,1000.0,800.0
107,38,I-2015,108,26/03/1994,0,0,0,2012,0,6,0,3,3,0,0,12.381,1.0,2,1,0,5,0,3,2,0,0,0,1500,1000,300,0,200,300,0,0,400,0,200,0,200,2,3,10500.0,0.0,0,3000,2000,2500.0,0,0,1000,500.0,1500.0
108,196,I-2015,109,13/11/1991,0,1,1,2010,0,7,0,4,4,0,0,13.981,0.964,4,0,0,5,6,0,1,0,0,0,1500,1000,1000,0,1000,1000,0,0,0,0,1000,500,120,1,2,9668.2,0.0,500,1500,1000,0.0,0,2000,0,900.0,800.0
109,112,I-2015,110,09/07/1993,0,1,1,2011,0,7,0,5,5,0,0,15.688,1.0,4,0,0,5,5,0,0,0,0,0,1500,5000,0,0,2000,2500,0,0,500,0,1000,500,0,1,2,10000.0,12000.0,0,13000,4000,0.0,0,4000,1000,0.0,0.0
110,155,I-2015,111,01/01/1994,0,0,1,2011,0,6,0,4,4,0,0,16.908,1.0,5,0,0,5,0,3,1,0,0,0,1500,3500,0,0,2000,500,0,0,500,0,1500,500,0,1,2,12000.0,0.0,0,6000,1000,1500.0,0,1500,1500,500.0,0.0
111,159,II-2014,112,01/02/1993,0,0,1,2010,1,7,0,4,4,0,0,13.6,1.0,4,0,0,5,5,0,2,0,1,0,1500,4000,1000,500,2000,1000,500,500,1000,0,1000,1000,0,2,3,15000.0,2000.0,0,4000,2000,1000.0,0,2000,400,0.0,1000.0
112,74,II-2014,113,05/12/1992,0,1,1,2012,0,5,0,4,4,0,0,13.521,0.9452,7,0,0,5,5,0,0,0,0,0,1500,1800,0,2000,1600,1400,200,0,250,0,1300,0,300,1,2,6000.0,3000.0,0,4000,200,3000.0,0,0,600,0.0,300.0
113,187,II-2014,114,27/12/1990,0,1,1,2008,1,10,0,2,2,0,0,14.385,1.0,2,1,0,5,5,3,1,0,0,0,1500,1000,0,0,200,200,100,500,0,0,1000,0,500,1,2,7209.52,0.0,0,5000,100,109.52,0,1000,0,0.0,1000.0
114,84,I-2015,115,17/06/1993,0,0,1,2010,1,5,0,4,4,0,0,15.666,1.0,7,0,0,0,0,0,1,0,0,0,1500,500,500,0,500,0,0,0,500,0,1000,500,0,4,4,5622.48,2000.0,0,4000,500,1000.0,0,0,600,500.0,1000.0
115,193,II-2014,116,13/12/2015,0,0,1,2008,1,10,0,2,2,0,2,13.92,1.0,2,1,0,5,0,3,3,150,0,0,1500,500,500,0,1000,50,0,0,400,150,200,0,50,2,3,8000.0,2000.0,0,9000,500,0.0,0,0,500,200.0,500.0
116,87,I-2015,117,30/06/1993,0,0,1,2009,1,5,0,4,4,0,0,13.5,1.0,5,0,0,6,0,2,3,1500,0,0,1500,1500,0,0,700,200,100,0,200,1500,300,0,0,2,3,5660.0,0.0,0,3860,300,0.0,0,0,0,0.0,0.0
117,110,II-2014,118,24/06/1991,0,0,1,2010,1,8,0,5,5,0,0,13.621,1.0,4,0,0,4,4,3,1,0,0,0,1500,500,500,0,1500,300,1000,0,600,0,3000,600,600,7,3,3000.0,2000.0,0,3000,0,3000.0,0,0,1000,3000.0,1000.0
118,62,I-2015,119,12/07/1994,0,0,0,2012,0,2,0,2,2,0,2,10.333,0.5333,4,0,0,0,0,0,1,0,0,0,1500,3000,0,0,1500,680,2000,2000,1500,0,2000,0,750,1,4,6000.0,2000.0,300,4000,880,3500.0,4000,2500,700,300.0,1000.0
119,122,II-2014,120,18/08/1994,0,0,1,2011,0,5,0,3,3,0,0,14.423,1.0,6,0,0,0,6,0,3,3500,1,0,1500,1500,0,0,1200,180,0,0,1000,0,400,0,200,2,2,7265.0,5000.0,3500,5000,300,1500.0,0,0,300,0.0,200.0
120,14,II-2014,121,26/06/1994,0,0,0,2011,0,6,0,3,3,0,0,11.8,0.9722,2,1,2,6,0,3,1,0,0,0,1500,3000,1000,0,3000,1200,0,0,2500,0,2800,1500,2000,2,3,8656.0,3500.0,0,5000,3000,0.0,0,800,300,150.0,2500.0
121,35,I-2015,122,23/07/1993,0,0,0,2010,0,7,0,2,2,0,0,13.565,0.9829,2,0,0,0,0,0,1,0,0,0,1500,1000,0,0,550,200,0,0,0,0,1300,0,250,1,2,8500.0,0.0,0,2500,500,300.0,0,0,1000,1300.0,1500.0
122,75,II-2014,123,31/05/1993,0,0,1,2010,1,6,0,5,5,0,0,15.7,1.0,4,0,0,5,5,0,2,0,0,0,1500,800,0,200,2000,1500,1800,1000,1500,0,3000,1000,500,1,3,9570.0,4000.0,0,5000,2000,1800.0,1000,2000,500,2500.0,800.0
123,148,II-2014,124,14/12/1992,0,0,1,2013,0,4,0,5,2,1,2,11.7,0.5128,5,0,0,6,0,3,3,1500,0,0,1500,2500,1500,0,1500,200,0,0,300,1500,1500,200,200,2,3,6747.0,2000.0,0,2300,0,2500.0,0,0,100,0.0,2000.0
124,117,II-2014,125,15/08/1994,0,0,1,2011,1,6,0,6,6,0,0,16.337,1.0,4,0,0,0,6,0,1,0,0,0,1500,1500,0,0,900,300,0,0,500,0,1300,0,0,1,2,6137.0,0.0,0,3000,1000,0.0,0,1100,1000,0.0,0.0
125,167,II-2014,126,27/08/1992,0,0,1,2012,1,5,0,5,5,0,0,15.42,0.9452,7,0,0,5,5,0,1,0,0,0,1500,300,0,0,0,300,0,0,1000,0,300,0,200,1,4,5418.0,0.0,0,3500,300,0.0,0,0,1000,200.0,150.0
126,82,I-2015,127,15/02/1993,0,0,1,2011,0,6,0,5,5,0,0,13.693,0.898,4,0,0,5,5,0,1,0,0,0,1500,1500,0,0,1000,500,0,0,0,0,800,300,0,1,2,10000.0,0.0,0,3000,500,0.0,0,0,1000,2500.0,0.0
127,179,I-2015,128,30/10/1993,0,0,1,2011,1,2,0,5,3,2,0,13.5,0.8182,5,0,0,0,0,0,1,0,1,0,1500,2000,0,0,1000,500,0,700,500,0,1500,0,0,1,4,8000.0,0.0,0,3000,500,2000.0,0,2000,500,0.0,500.0
128,93,II-2014,129,08/04/1994,0,0,1,2011,1,7,0,4,4,0,0,14.424,1.0,6,0,0,1,1,0,2,0,0,0,1500,400,0,0,0,250,0,0,600,0,500,200,0,1,4,7600.0,5600.0,0,10000,500,0.0,0,0,200,0.0,1100.0
129,96,II-2014,130,23/03/1993,0,0,1,2011,0,5,0,5,5,5,0,13.065,1.0,5,0,0,5,5,0,1,0,0,0,1500,1000,0,0,0,500,0,0,1000,0,700,0,300,1,3,8000.0,3000.0,180,7000,500,1500.0,0,0,310,400.0,1110.0
130,12,II-2014,131,26/05/1993,0,0,0,2010,0,6,0,3,3,0,0,12.238,0.84,2,1,0,0,0,0,2,0,0,1,1500,9000,0,1500,0,500,0,950,1000,0,700,0,0,1,4,9000.0,0.0,0,5000,2000,0.0,0,0,0,0.0,0.0
131,54,II-2014,132,22/01/1994,0,0,0,2012,0,5,0,4,4,0,0,12.0,0.9535,3,0,0,0,0,0,0,0,0,0,1500,300,0,0,3000,300,0,0,300,0,500,0,300,2,1,2457.02,0.0,0,5000,300,0.0,0,0,500,0.0,500.0
132,85,I-2015,133,12/09/1994,0,0,1,2012,0,4,0,5,5,0,0,15.69,1.0,5,0,0,6,6,0,4,0,0,0,1500,500,200,0,2000,600,0,0,300,0,400,0,200,1,4,6000.0,0.0,0,4500,700,500.0,0,0,200,0.0,1500.0
133,133,II-2014,134,06/12/1994,0,0,1,2012,1,5,0,5,4,0,1,12.5,0.8696,6,0,0,6,6,0,4,0,0,0,1500,1400,0,0,1500,200,0,0,500,0,700,0,0,2,6,16043.76,0.0,0,9000,2700,0.0,0,3000,1000,0.0,343.76
134,185,I-2015,135,18/02/1993,0,0,1,2011,2,5,1,5,4,0,1,13.157,8.0,5,0,0,6,5,3,1,0,0,0,1500,0,0,1500,500,500,600,400,200,300,200,100,100,5,1,2000.0,0.0,0,500,500,600.0,400,200,100,200.0,100.0
135,146,II-2014,136,01/12/1993,0,0,1,2012,1,5,1,5,5,0,0,14.32,0.9176,6,0,0,6,0,3,3,5000,0,0,1500,4000,1500,0,1000,100,0,0,300,5000,600,0,0,2,5,6500.0,3000.0,2500,2000,200,450.0,0,150,350,0.0,300.0
136,33,I-2015,137,12/06/1991,0,0,0,2013,0,4,0,4,5,0,5,14.0,1.0,4,0,0,2,2,0,0,0,0,0,1500,300,100,200,1000,200,300,0,0,0,500,0,100,1,2,6000.0,0.0,0,3000,600,0.0,0,2000,0,0.0,0.0
137,188,I-2015,138,01/03/1993,0,0,1,2009,1,6,0,5,4,0,1,11.686,0.7155,5,0,0,5,2,0,1,0,0,1,1500,3600,2800,2000,3000,500,1500,600,1500,0,2000,500,120,1,1,6747.0,10000.0,3000,8000,500,3000.0,600,0,600,1000.0,0.0
138,106,II-2014,139,11/04/1994,0,0,1,2012,1,5,0,4,4,1,0,11.857,0.7887,6,0,0,5,5,0,2,0,0,0,1500,600,0,0,0,400,0,800,0,0,800,0,200,1,3,6852.08,0.0,0,4000,800,0.0,1400,0,250,0.0,600.0
139,28,II-2014,140,07/09/1993,0,0,0,2010,1,6,0,3,3,0,0,14.371,1.0,1,1,0,5,5,0,2,0,0,0,1500,500,500,0,500,150,500,500,500,0,500,0,0,1,5,7500.0,0.0,0,5000,1000,1000.0,0,0,0,0.0,500.0
140,7,II-2014,141,04/02/1995,0,0,0,2012,1,4,0,5,5,0,0,140.862,1.0,4,0,0,0,0,0,2,0,0,0,15000,2000,0,0,500,500,0,0,1000,0,600,1000,300,1,6,7721.56,3000.0,0,6000,1500,0.0,0,0,1000,0.0,1500.0
141,200,II-2014,142,28/02/1992,0,0,1,2010,0,4,0,5,3,1,1,12.78,0.4842,3,0,0,5,5,0,2,0,0,0,1500,2000,0,0,0,2000,0,0,0,0,1500,0,0,1,2,7000.0,0.0,0,3000,4000,0.0,0,0,0,0.0,0.0
142,10,II-2014,143,18/02/1993,0,1,0,2010,1,7,0,2,2,0,0,14.539,0.9664,2,0,0,5,5,0,2,0,0,0,1500,4000,500,2400,2800,500,500,0,1000,0,2000,1000,500,2,8,5563546.0,2000.0,532498,15500,2000,8780.0,2000,3000,5650,2250.45,9950.0
143,58,II-2014,144,25/05/1995,0,0,0,2014,0,3,0,5,5,0,0,14.909,1.0,5,0,0,5,5,0,4,0,0,0,1500,1000,0,0,600,400,0,0,300,0,700,0,500,2,4,25000.0,8000.0,1000,10000,1000,2500.0,800,3000,800,0.0,4900.0
144,36,II-2014,145,17/06/1993,0,0,0,2011,1,6,0,3,3,0,0,14.841,1.0,2,0,0,6,6,0,4,0,0,0,1500,1000,0,0,800,250,150,0,300,0,800,0,200,1,3,425140.0,0.0,0,1500,500,700.0,0,1000,300,0.0,250.0
145,80,I-2015,146,12/04/1993,0,0,1,2011,0,6,0,5,5,0,0,15.49,1.0,4,0,0,0,0,0,1,0,0,0,1500,4000,200,0,900,500,500,500,1000,0,2000,500,200,3,2,8773759.0,2000.0,0,5000,1000,0.0,500,2000,500,500.0,1000.0
146,19,II-2014,147,29/10/1992,0,0,0,2010,1,7,0,2,2,0,0,12.63,0.92,2,0,0,6,0,3,4,0,0,0,1500,2000,0,0,1500,1000,0,0,500,0,700,500,300,7,3,9680.0,0.0,0,4000,2000,3000.0,0,0,1000,0.0,2500.0
147,135,II-2014,148,19/07/1993,0,0,1,2011,0,7,0,4,4,0,0,14.8,1.0,4,0,0,5,5,0,4,0,0,0,1500,2000,0,0,1000,500,0,0,500,0,1500,0,0,1,2,15060.0,0.0,0,8000,800,1500.0,0,0,1000,0.0,3000.0
148,47,I-2015,149,04/09/1992,0,0,0,2010,0,7,0,2,2,0,0,12.13,0.8156,2,0,0,1,1,0,2,0,0,0,1500,1000,0,0,1000,1000,800,1000,800,0,1000,0,160,1,4,6200.0,1500.0,0,36000,1000,800.0,1000,0,200,0.0,300.0
149,26,II-2014,150,21/03/1993,0,0,0,2014,1,3,0,5,5,0,0,15.555,1.0,5,0,0,1,1,0,2,0,0,0,1500,1000,0,0,300,400,0,0,800,0,800,0,200,1,4,8000.0,0.0,0,3000,500,1000.0,0,2500,500,0.0,500.0
150,176,II-2014,151,07/12/1993,0,1,1,2011,1,5,0,4,4,0,0,15.18,1.0,7,0,0,6,0,3,1,3000,0,0,1500,3500,0,0,1500,250,0,0,0,3000,250,0,0,1,2,15000.0,0.0,0,8000,1000,2000.0,0,2000,1000,0.0,1000.0
151,18,II-2014,152,2104191994,0,0,0,2011,0,7,0,1,1,0,0,15.617,1.0,2,0,0,0,6,0,2,0,0,0,1500,500,0,0,400,150,0,0,600,0,300,400,150,1,2,9600.0,0.0,0,5000,500,1000.0,0,1800,100,0.0,1200.0
152,107,II-2014,153,04/02/1994,0,0,1,2011,1,7,0,5,5,0,0,16.461,1.0,5,0,0,6,0,3,1,0,0,0,1500,2000,500,0,1000,300,0,0,500,0,1200,600,200,2,5,10500.0,2000.0,0,7000,600,1500.0,0,0,800,0.0,800.0
153,89,I-2015,154,20/02/1994,0,1,1,2011,0,5,0,4,4,0,0,15.101,1.0,7,0,0,5,5,0,0,0,0,0,1500,1300,0,0,600,1000,0,0,200,0,1000,0,0,1,5,22600.0,0.0,153,8000,2000,3500.0,1000,975,500,100.0,500.0
155,51,I-2015,156,07/04/1994,0,0,0,2012,1,5,0,4,4,0,0,14.634,1.0,3,0,0,0,0,0,2,0,0,0,1500,1000,0,0,400,500,0,0,0,0,1600,0,0,1,3,5247.0,5622.0,0,7400,1000,1000.0,0,469,300,0.0,700.0
156,15,II-2014,157,09/05/1993,0,0,0,2010,0,7,0,2,2,0,0,12.0,0.98,2,0,0,1,1,3,1,0,0,0,1500,1000,0,0,0,400,0,0,800,0,800,500,0,4,4,5300.0,0.0,800,3000,400,0.0,0,0,600,500.0,0.0
157,91,II-2014,158,14/12/1993,0,0,1,2012,1,6,0,5,5,0,0,16.582,1.0,4,0,0,5,5,0,1,0,0,0,1500,500,0,300,450,200,200,0,500,0,600,300,50,1,1,8000.0,1000.0,0,3500,1000,1200.0,1000,0,200,700.0,400.0
158,52,II-2014,159,17/11/1993,0,0,0,2012,0,5,0,4,4,0,0,15.73,1.0,3,0,0,0,0,0,2,0,0,0,1500,1200,0,0,1500,250,100,0,400,0,350,100,0,1,2,5175.0,4000.0,0,3800,1400,1000.0,0,600,700,0.0,400.0
159,142,I-2015,160,24/05/1994,0,0,1,2011,1,5,0,5,5,0,0,16.533,1.0,6,0,0,5,5,3,1,0,0,0,1500,2000,0,0,850,1400,400,0,0,0,600,0,250,1,3,10000.0,0.0,680,3000,3200,1400.0,720,0,300,400.0,300.0
160,108,II-2014,161,18/09/1995,0,0,1,2013,1,4,0,5,5,0,0,15.673,1.0,5,0,0,1,1,0,1,0,0,0,1500,1000,1000,0,2000,500,0,0,300,0,300,0,0,1,2,9443.0,4400.0,0,4000,1000,5000.0,0,0,0,600.0,0.0
161,56,II-2014,162,08/11/1995,0,0,0,2012,1,5,0,4,4,0,0,14.375,1.0,3,0,0,0,0,0,1,0,0,0,1500,400,0,0,0,800,0,0,400,0,600,0,0,2,4,13143.0,0.0,0,5000,1600,0.0,0,0,1000,1800.0,3743.0
162,165,I-2015,163,09/02/1994,0,0,1,2011,1,6,0,5,4,0,1,13.082,8.76,5,0,0,6,1,3,1,0,0,0,1500,0,2000,400,800,72,0,700,500,0,1000,300,200,4,3,5622.0,2000.0,121,7000,100,300.0,0,0,547,0.0,0.0
163,88,I-2015,164,01/11/1995,0,0,1,2013,1,4,0,5,5,0,0,13.211,1.0,6,0,0,6,1,4,3,5000,0,0,1500,7000,0,0,1000,150,0,0,0,5000,500,350,0,1,4,7381.0,0.0,0,3000,0,0.0,0,0,0,0.0,4000.0
164,32,I-2015,165,27/10/1995,0,0,0,2014,1,3,0,5,5,0,0,13.805,1.0,5,1,1,0,0,0,1,0,0,0,1500,1000,500,0,0,500,0,0,0,0,2000,0,500,3,3,8400.0,5000.0,2000,4000,1000,4000.0,0,1300,700,800.0,0.0
165,94,II-2014,166,25/09/1994,0,0,1,2012,0,4,0,6,6,0,0,15.272,1.0,6,0,0,3,3,0,0,0,0,0,1500,1000,0,0,0,400,0,800,1000,0,300,300,200,1,2,9828.0,0.0,0,6000,1000,0.0,1000,0,1200,0.0,900.0
166,37,II-2014,167,01/06/1994,0,0,0,2011,0,7,0,2,2,0,0,12.808,1.0,2,0,0,0,0,0,1,0,0,0,1500,0,0,0,800,300,150,0,800,0,600,0,200,3,1,11200.0,0.0,200,6000,500,4000.0,1500,0,1000,400.0,600.0
167,73,I-2015,168,20/05/1994,0,0,1,2012,1,4,0,5,5,0,0,15.923,1.0,5,0,0,5,5,0,1,0,0,0,1500,4000,0,0,0,2200,900,0,800,0,1600,0,0,2,3,5622.0,5100.0,0,4500,500,4000.0,0,1030,292,400.0,0.0
168,42,II-2014,169,14/12/1994,0,0,0,2013,0,2,0,3,1,1,1,10.904,0.8077,3,1,0,0,0,0,2,0,0,0,1500,1500,0,0,300,300,1000,0,0,0,1000,0,170,1,3,13700.0,0.0,0,7000,1000,2000.0,0,1500,1000,0.0,200.0
169,57,II-2014,170,09/01/1994,0,0,0,2011,0,5,0,3,2,0,1,13.489,0.9143,1,0,0,0,0,0,1,0,0,0,1500,2000,0,0,1400,600,0,0,0,0,900,300,300,1,3,10000.0,4000.0,0,9000,2000,0.0,0,0,2000,1000.0,0.0
170,41,II-2014,171,03/08/1994,0,0,0,2011,0,7,0,2,2,0,0,13.46,1.0,2,0,0,0,0,0,1,0,0,0,1500,1000,0,0,1000,600,200,400,300,0,100,100,100,1,4,13312.0,0.0,0,8500,1200,1000.0,1000,0,600,400.0,2000.0
171,43,I-2015,172,21/09/1994,0,0,0,2011,0,3,0,3,3,0,0,11.763,0.8261,5,1,1,0,0,3,2,0,0,0,1500,500,500,800,1000,544,900,0,500,0,2000,900,2160,4,5,14810.0,9000.0,0,10600,1124,6700.0,0,200,1690,0.0,1431.0
172,121,I-2015,173,15/08/1996,0,0,1,2013,0,3,0,5,1,0,4,12.7,0.5556,4,0,0,0,0,0,1,0,0,0,1500,400,0,0,0,400,0,300,400,0,400,0,300,1,3,8866.27,0.0,0,3000,1000,900.0,1000,1000,1000,500.0,370.0
173,171,I-2015,174,21/10/1995,0,0,1,2014,0,2,0,4,4,0,0,13.458,0.889,6,0,0,0,0,0,2,0,0,0,1500,2500,0,0,1500,500,600,0,1000,0,1000,600,300,1,4,13414.0,6000.0,200,12000,2000,1500.0,0,1500,800,0.0,2500.0
174,27,I-2015,175,14/09/1995,0,0,0,2013,0,3,0,5,5,0,0,13.333,1.0,4,1,2,1,1,0,2,0,0,0,1500,2000,0,0,0,800,0,0,0,0,1000,1000,0,1,1,6800.0,3000.0,0,4000,1300,1500.0,0,0,500,0.0,0.0
175,180,I-2015,176,16/09/1996,0,0,1,2013,0,1,0,5,2,0,3,12.7,0.3571,3,0,0,6,6,0,2,0,1,0,1500,1000,0,0,2000,500,0,0,0,0,1500,0,0,2,4,5909.3,2000.0,0,3000,1000,2000.0,0,1000,500,0.0,500.0
176,92,II-2014,177,11/10/1996,0,1,1,2014,1,2,0,5,5,0,0,16.6,1.0,5,0,0,6,1,2,3,6500,0,0,1500,4000,4000,0,3000,400,2000,1200,1300,6500,2070,400,760,2,2,12054.5,10000.0,1700,4500,300,2000.0,0,0,700,250.0,1800.0
177,63,II-2014,178,17/06/1996,0,0,0,2014,2,2,0,5,2,0,3,12.352,0.5313,5,0,0,3,3,0,1,0,0,0,1500,1000,0,0,1000,80,0,0,420,0,1000,0,0,3,1,13500.0,17879.0,2000,10000,800,700.0,0,0,1512,3500.0,0.0
178,141,I-2015,179,24/10/1996,0,1,1,2014,2,3,0,4,4,0,0,13.936,1.0,4,0,0,0,0,0,1,0,0,0,1500,1200,500,0,400,500,300,1200,1000,0,2000,450,250,1,4,8138.0,0.0,0,7000,1200,2190.0,1500,4000,300,200.0,0.0
179,34,II-2014,180,03/03/1996,0,0,0,2014,0,3,0,5,5,0,1,15.027,0.15027,5,1,1,5,5,0,2,0,1,0,1500,500,300,0,500,1000,1000,2500,1000,0,3000,1000,1000,1,3,5600.0,2000.0,2000,5000,3000,1500.0,2500,0,2000,0.0,2000.0
180,90,II-2014,181,03/03/1995,0,0,1,2012,1,4,0,5,5,1,0,15.0,1.0,5,0,0,6,0,3,3,5000,0,0,2000,6500,0,0,1800,500,0,0,400,5000,600,0,200,2,5,19266.0,0.0,0,8500,400,1000.0,0,0,1000,0.0,1500.0
181,83,I-2015,182,20/03/1996,0,0,1,2014,1,3,0,4,4,0,0,14.75,1.0,5,0,0,0,0,0,0,0,0,0,1500,2000,0,0,1500,300,0,0,600,0,150,0,100,2,4,13871.0,5622.0,0,16000,1000,0.0,0,0,1000,0.0,6000.0
182,109,II-2014,183,03/07/1995,0,0,1,2012,0,4,0,6,6,0,0,14.581,1.0,6,0,0,0,0,0,1,0,0,0,1500,600,0,0,1000,100,500,0,600,0,500,0,0,2,3,8100.0,0.0,0,12000,500,2000.0,0,0,500,450.0,400.0
183,1,I-2015,184,12/05/1995,0,0,0,2013,1,4,0,5,5,0,0,13.413,1.0,4,0,0,6,1,4,1,3500,0,0,1500,1500,0,0,500,200,500,0,500,3000,1000,0,80,1,1,5650.0,0.0,1000,500,200,2000.0,0,0,0,0.0,100.0
184,49,II-2014,185,19/11/1996,0,0,0,2014,0,2,0,5,5,0,0,14.117,1.0,5,0,0,0,0,3,1,0,1,0,1500,1000,0,0,1000,800,1000,0,1500,0,2000,200,200,7,4,15000.0,1200.0,0,12000,1000,3000.0,0,2500,2000,2000.0,2100.0
185,53,II-2014,186,30/03/1995,0,0,0,2012,1,5,0,4,4,0,0,14.597,1.0,3,0,0,0,0,0,2,0,0,0,1500,1300,0,0,1600,300,100,0,350,0,350,100,0,1,3,6537.0,3400.0,0,6000,1100,450.0,0,0,400,200.0,487.0
186,2,II-2014,187,29/08/1996,0,0,0,2014,1,3,1,5,5,0,0,15.0,1.0,5,0,0,5,5,0,2,0,0,0,1500,0,2000,0,0,1320,0,0,300,0,300,0,250,1,1,0.0,3000.0,0,2500,200,0.0,0,0,300,0.0,0.0
187,174,I-2015,188,02/08/1996,0,0,1,2014,1,2,0,5,3,0,2,11.4,0.3845,4,0,0,6,3,2,3,5000,0,0,1500,3000,5000,0,1000,500,1000,500,0,5000,1500,0,0,1,3,787344.0,0.0,0,2000,1000,2500.0,0,600,650,0.0,1000.0
188,192,II-2014,189,19/10/1994,0,0,1,2012,1,6,0,7,7,0,0,14.314,0.9674,4,0,0,0,0,0,2,0,0,0,1500,1000,0,0,500,600,0,0,500,0,500,200,200,1,3,6126.0,0.0,0,3000,1200,1000.0,0,0,500,0.0,400.0
189,126,II-2014,190,07/01/1991,0,1,1,2012,0,5,0,4,4,0,0,16.449,1.0,7,0,0,5,5,0,0,0,0,0,1500,2000,200,0,1500,2300,0,0,0,0,700,110,200,1,4,14000.0,6000.0,0,10000,3000,3000.0,0,500,2000,300.0,800.0
